Player,Last,First,rev.,college,DOB,link,position,draft_round,draft_overall,draft_year,year_last,career_yds,activeJoseph Addai,Addai,Joseph,"Addai, Joseph",Louisiana State,5/3/83,http://www.footballdb.com/players/joseph-addai-addaijo01,RB,1,30,2006,2011,4453,Shaun Alexander,Alexander,Shaun,"Alexander, Shaun",Alabama,8/30/77,http://www.footballdb.com/players/shaun-alexander-alexash01,RB,1,19,2000,2008,9453,Abdul-Karim Al-Jabbar,Al-Jabbar,Abdul-Karim,"Al-Jabbar, Abdul-Karim",UCLA,6/28/74,http://www.footballdb.com/players/abdulkarim-aljabbar-abdulka01,RB,3,80,1996,2000,3411,James Allen,Allen,James,"Allen, James",Oklahoma,3/28/75,http://www.footballdb.com/players/james-allen-allenja01,RB,,,1998,2002,2497,Marcus Allen,Allen,Marcus,"Allen, Marcus",Southern California,3/26/60,http://www.footballdb.com/players/marcus-allen-allenma01,RB,1,10,1982,1997,12243,Terry Allen,Allen,Terry,"Allen, Terry",Clemson,2/21/68,http://www.footballdb.com/players/terry-allen-allente01,RB,9,241,1990,2001,8614,Gary Anderson,Anderson,Gary,"Anderson, Gary",Arkansas,4/18/61,http://www.footballdb.com/players/gary-anderson-anderga02,RB,1,20,1983,1993,3409,Jamal Anderson,Anderson,Jamal,"Anderson, Jamal",Utah,9/30/72,http://www.footballdb.com/players/jamal-anderson-anderja01,RB,7,201,1994,2001,5336,Mike Anderson,Anderson,Mike,"Anderson, Mike",Utah,9/21/73,http://www.footballdb.com/players/mike-anderson-andermi01,RB,6,189,2000,2007,4067,Neal Anderson,Anderson,Neal,"Anderson, Neal",Florida,8/14/64,http://www.footballdb.com/players/neal-anderson-anderne01,RB,1,27,1986,1993,6166,Ottis Anderson,Anderson,Ottis,"Anderson, Ottis",Miami,1/19/57,http://www.footballdb.com/players/ottis-anderson-anderot01,RB,1,8,1979,1992,10273,William Andrews,Andrews,William,"Andrews, William",Auburn,12/25/55,http://www.footballdb.com/players/william-andrews-andrewi01,RB,3,79,1979,1986,5986,Otis Armstrong,Armstrong,Otis,"Armstrong, Otis",Purdue,11/15/50,http://www.footballdb.com/players/otis-armstrong-armstot01,RB,1,9,1973,1980,4453,Tiki Barber,Barber,Tiki,"Barber, Tiki",Virginia,4/7/75,http://www.footballdb.com/players/tiki-barber-barbeti01,RB,2,36,1997,2006,10449,Kevan Barlow,Barlow,Kevan,"Barlow, Kevan",Pittsburgh,1/7/79,http://www.footballdb.com/players/kevan-barlow-barloke01,RB,3,80,2001,2006,3984,Dick Bass,Bass,Dick,"Bass, Dick",Pacific,3/15/37,http://www.footballdb.com/players/dick-bass-bassdi01,RB,1,2,1959,1969,5417,Greg Bell,Bell,Greg,"Bell, Greg",Notre Dame,8/1/62,http://www.footballdb.com/players/greg-bell-bellgr01,RB,1,26,1984,1990,4959,Le'Veon Bell,Bell,Le'Veon,"Bell, Le'Veon",Michigan State,2/18/92,http://www.footballdb.com/players/leveon-bell-bellle02,RB,2,48,2013,2014,2221,xRicky Bell,Bell,Ricky,"Bell, Ricky",Southern California,4/8/55,http://www.footballdb.com/players/ricky-bell-bellri04,RB,1,1,1977,1982,3063,Tatum Bell,Bell,Tatum,"Bell, Tatum",Oklahoma State,3/2/81,http://www.footballdb.com/players/tatum-bell-bellta01,RB,2,41,2004,2008,2773,Edgar Bennett,Bennett,Edgar,"Bennett, Edgar",Florida State,2/15/69,http://www.footballdb.com/players/edgar-bennett-benneed01,RB,4,103,1992,1999,3992,Michael Bennett,Bennett,Michael,"Bennett, Michael",Wisconsin,8/13/78,http://www.footballdb.com/players/michael-bennett-bennemi01,RB,1,27,2001,2010,3703,Cedric Benson,Benson,Cedric,"Benson, Cedric",Texas,12/28/82,http://www.footballdb.com/players/cedric-benson-bensoce01,RB,1,4,2005,2012,6017,Jerome Bettis,Bettis,Jerome,"Bettis, Jerome",Notre Dame,2/16/72,http://www.footballdb.com/players/jerome-bettis-bettije01,RB,1,10,1993,2005,13662,Ladell Betts,Betts,Ladell,"Betts, Ladell",Iowa,8/27/79,http://www.footballdb.com/players/ladell-betts-bettsla01,RB,2,56,2002,2010,3326,Rocky Bleier,Bleier,Rocky,"Bleier, Rocky",Notre Dame,3/5/46,http://www.footballdb.com/players/rocky-bleier-bleiero01,RB,16,417,1968,1980,3865,LeGarrette Blount,Blount,LeGarrette,"Blount, LeGarrette",Oregon,12/5/86,http://www.footballdb.com/players/legarrette-blount-blounle01,RB,,,2010,2015,3258,xAhmad Bradshaw,Bradshaw,Ahmad,"Bradshaw, Ahmad",Marshall,3/19/86,http://www.footballdb.com/players/ahmad-bradshaw-bradsah01,RB,7,250,2007,2015,4843,xJohn Brockington,Brockington,John,"Brockington, John",Ohio State,9/7/48,http://www.footballdb.com/players/john-brockington-brockjo01,RB,1,9,1971,1997,5185,James Brooks,Brooks,James,"Brooks, James",Auburn,12/28/58,http://www.footballdb.com/players/james-brooks-brookja03,RB,1,24,1981,1992,7962,Reggie Brooks,Brooks,Reggie,"Brooks, Reggie",Notre Dame,1/19/71,http://www.footballdb.com/players/reggie-brooks-brookre01,RB,2,45,1993,1998,1726,Chris Brown,Brown,Chris,"Brown, Chris",Colorado,4/17/81,http://www.footballdb.com/players/chris-brown-brownch06,RB,3,93,2003,2009,3024,Gary Brown,Brown,Gary,"Brown, Gary",Penn State,7/1/69,http://www.footballdb.com/players/gary-brown-brownga01,RB,8,214,1991,1999,4300,Jim Brown,Brown,Jim,"Brown, Jim",Syracuse,2/17/36,http://www.footballdb.com/players/jim-brown-brownji03,RB,1,6,1957,1965,12312,Larry Brown,Brown,Larry,"Brown, Larry",Kansas State,9/19/47,http://www.footballdb.com/players/larry-brown-brownla08,RB,8,191,1969,1976,5875,Ronnie Brown,Brown,Ronnie,"Brown, Ronnie",Auburn,12/12/81,http://www.footballdb.com/players/ronnie-brown-brownro11,RB,1,2,2005,2015,5391,xTed Brown,Brown,Ted,"Brown, Ted",North Carolina State,2/15/57,http://www.footballdb.com/players/ted-brown-brownte01,RB,1,16,1979,1986,4546,Reggie Bush,Bush,Reggie,"Bush, Reggie",Southern California,3/2/85,http://www.footballdb.com/players/reggie-bush-bushre01,RB,1,2,2006,2015,5493,xMarion Butts,Butts,Marion,"Butts, Marion",Florida State,8/1/66,http://www.footballdb.com/players/marion-butts-buttsma01,RB,7,183,1989,1995,5185,Earnest Byner,Byner,Earnest,"Byner, Earnest",East Carolina,9/15/62,http://www.footballdb.com/players/earnest-byner-bynerea01,RB,10,280,1984,1997,8261,Earl Campbell,Campbell,Earl,"Campbell, Earl",Texas,3/29/55,http://www.footballdb.com/players/earl-campbell-campbea01,RB,1,1,1978,1985,9407,Tony Canadeo,Canadeo,Tony,"Canadeo, Tony",Gonzaga,5/5/19,http://www.footballdb.com/players/tony-canadeo-canadto01,RB,9,77,1941,1985,4197,Rick Casares,Casares,Rick,"Casares, Rick",Florida,7/4/31,http://www.footballdb.com/players/rick-casares-casarri01,RB,2,18,1954,1966,5797,Jamaal Charles,Charles,Jamaal,"Charles, Jamaal",Texas,12/27/86,http://www.footballdb.com/players/jamaal-charles-charlja01,RB,3,73,2008,2015,6913,xReggie Cobb,Cobb,Reggie,"Cobb, Reggie",Tennessee,7/7/68,http://www.footballdb.com/players/reggie-cobb-cobbre01,RB,2,30,1990,1996,3743,Tony Collins,Collins,Tony,"Collins, Tony",East Carolina,5/27/59,http://www.footballdb.com/players/tony-collins-collito03,RB,2,47,1981,1990,4647,Roger Craig,Craig,Roger,"Craig, Roger",Nebraska,7/10/60,http://www.footballdb.com/players/roger-craig-craigro01,RB,2,49,1983,1993,8189,Joe Cribbs,Cribbs,Joe,"Cribbs, Joe",Auburn,1/5/58,http://www.footballdb.com/players/joe-cribbs-cribbjo01,RB,2,29,1980,1998,5356,Larry Csonka,Csonka,Larry,"Csonka, Larry",Syracuse,12/25/46,http://www.footballdb.com/players/larry-csonka-csonkla01,RB,1,8,1968,1979,8081,Sam Cunningham,Cunningham,Sam,"Cunningham, Sam",Southern California,8/18/50,http://www.footballdb.com/players/sam-cunningham-cunnisa01,RB,1,11,1973,1982,5453,Clem Daniels,Daniels,Clem,"Daniels, Clem",Prairie View A&M,7/9/37,http://www.footballdb.com/players/clem-daniels-daniecl01,RB,,,1960,1968,5138,John David Crow,David Crow,John,"Crow, John David",Texas A&M,7/8/35,http://www.footballdb.com/players/john-david-crow-crowjo01,RB,1,2,1958,1968,4963,Stephen Davis,Davis,Stephen,"Davis, Stephen",Auburn,3/1/74,http://www.footballdb.com/players/stephen-davis-davisst01,RB,4,102,1996,2006,8052,Terrell Davis,Davis,Terrell,"Davis, Terrell",Georgia,10/28/72,http://www.footballdb.com/players/terrell-davis-daviste01,RB,6,196,1995,2001,7607,Joe Delaney,Delaney,Joe,"Delaney, Joe",Northwestern State,10/30/58,http://www.footballdb.com/players/joe-delaney-delanjo01,RB,2,41,1981,1982,1501,Eric Dickerson,Dickerson,Eric,"Dickerson, Eric",Southern Methodist,9/2/60,http://www.footballdb.com/players/eric-dickerson-dickeer01,RB,1,2,1983,1993,13259,Curtis Dickey,Dickey,Curtis,"Dickey, Curtis",Texas A&M,11/27/56,http://www.footballdb.com/players/curtis-dickey-dickecu01,RB,1,5,1980,1986,4019,Corey Dillon,Dillon,Corey,"Dillon, Corey",Washington,10/24/74,http://www.footballdb.com/players/corey-dillon-dilloco01,RB,2,43,1997,2006,11241,Tony Dorsett,Dorsett,Tony,"Dorsett, Tony",Pittsburgh,4/7/54,http://www.footballdb.com/players/tony-dorsett-dorseto01,RB,1,2,1977,1988,12739,Reuben Droughns,Droughns,Reuben,"Droughns, Reuben",Oregon,8/21/78,http://www.footballdb.com/players/reuben-droughns-drougre01,RB,3,81,2000,2008,3602,Warrick Dunn,Dunn,Warrick,"Dunn, Warrick",Florida State,1/5/75,http://www.footballdb.com/players/warrick-dunn-dunnwa01,RB,1,12,1997,2008,10967,Robert Edwards,Edwards,Robert,"Edwards, Robert",Georgia,10/2/74,http://www.footballdb.com/players/robert-edwards-edwarro01,RB,1,18,1998,2002,1222,Willie Ellison,Ellison,Willie,"Ellison, Willie",Texas Southern,11/1/45,http://www.footballdb.com/players/willie-ellison-elliswi01,RB,2,33,1967,1974,3426,Justin Fargas,Fargas,Justin,"Fargas, Justin",Southern California,1/25/80,http://www.footballdb.com/players/justin-fargas-fargaju01,RB,3,96,2006,2009,3369,Marshall Faulk,Faulk,Marshall,"Faulk, Marshall",San Diego State,2/26/73,http://www.footballdb.com/players/marshall-faulk-faulkma01,RB,1,2,1994,2005,12279,Beattie Feathers,Feathers,Beattie,"Feathers, Beattie",Tennessee,8/4/08,http://www.footballdb.com/players/beattie-feathers-feathbe01,RB,,,1934,1940,1980,Chuck Foreman,Foreman,Chuck,"Foreman, Chuck",Miami,10/26/50,http://www.footballdb.com/players/chuck-foreman-foremch01,RB,1,12,1973,1980,5950,Justin Forsett,Forsett,Justin,"Forsett, Justin",California,10/14/85,http://www.footballdb.com/players/justin-forsett-forseju01,RB,7,233,2008,2015,3001,xMatt Forte,Forte,Matt,"Forte, Matt",Tulane,12/10/85,http://www.footballdb.com/players/matt-forte-fortema01,RB,2,44,2008,2015,7845,xArian Foster,Foster,Arian,"Foster, Arian",Tennessee,8/24/86,http://www.footballdb.com/players/arian-foster-fostear01,RB,,,2009,2015,6309,xBarry Foster,Foster,Barry,"Foster, Barry",Arkansas,12/8/68,http://www.footballdb.com/players/barry-foster-fosteba01,RB,5,128,1990,1994,3943,Charlie Garner,Garner,Charlie,"Garner, Charlie",Tennessee,2/13/72,http://www.footballdb.com/players/charlie-garner-garnech01,RB,2,42,1994,2004,7097,Mike Garrett,Garrett,Mike,"Garrett, Mike",Southern California,4/12/44,http://www.footballdb.com/players/mike-garrett-garremi02,RB,20,178,1966,1973,5481,Cleveland Gary,Gary,Cleveland,"Gary, Cleveland",Miami,5/4/66,http://www.footballdb.com/players/cleveland-gary-garycl01,RB,1,26,1989,1994,2645,Olandis Gary,Gary,Olandis,"Gary, Olandis",Georgia,5/18/75,http://www.footballdb.com/players/olandis-gary-garyol01,RB,4,127,1999,2003,1998,Eddie George,George,Eddie,"George, Eddie",Ohio State,9/24/73,http://www.footballdb.com/players/eddie-george-georged01,RB,1,14,1996,2004,10441,Cookie Gilchrist,Gilchrist,Cookie,"Gilchrist, Cookie",--,5/25/35,http://www.footballdb.com/players/cookie-gilchrist-gilchco01,RB,,,1962,1967,4293,Frank Gore,Gore,Frank,"Gore, Frank",Miami,5/14/83,http://www.footballdb.com/players/frank-gore-gorefr01,RB,3,65,2005,2015,11104,xHoyle Granger,Granger,Hoyle,"Granger, Hoyle",Mississippi State,3/7/44,http://www.footballdb.com/players/hoyle-granger-grangho01,RB,5,37,1966,1972,3653,Ryan Grant,Grant,Ryan,"Grant, Ryan",Notre Dame,12/9/82,http://www.footballdb.com/players/ryan-grant-grantry01,RB,,,2005,2012,4148,Ahman Green,Green,Ahman,"Green, Ahman",Nebraska,2/16/77,http://www.footballdb.com/players/ahman-green-greenah01,RB,3,76,1998,2009,9205,Gaston Green,Green,Gaston,"Green, Gaston",UCLA,8/1/66,http://www.footballdb.com/players/gaston-green-greenga01,RB,1,14,1988,1996,2136,Harold Green,Green,Harold,"Green, Harold",South Carolina,1/29/68,http://www.footballdb.com/players/harold-green-greenha01,RB,2,38,1990,1998,4365,Shonn Greene,Greene,Shonn,"Greene, Shonn",Iowa,8/21/85,http://www.footballdb.com/players/shonn-greene-greensh01,RB,3,65,2009,2015,4110,xBenJarvus Green-Ellis,Green-Ellis,BenJarvus,"Green-Ellis, BenJarvus",Mississippi,7/2/85,http://www.footballdb.com/players/benjarvus-greenellis-greenbe02,RB,,,2008,2015,3914,xDave Hampton,Hampton,Dave,"Hampton, Dave",Wyoming,5/7/47,http://www.footballdb.com/players/dave-hampton-hamptda02,RB,9,220,1969,1976,4536,Rodney Hampton,Hampton,Rodney,"Hampton, Rodney",Georgia,4/3/69,http://www.footballdb.com/players/rodney-hampton-hamptro01,RB,1,24,1990,1997,6897,Franco Harris,Harris,Franco,"Harris, Franco",Penn State,3/7/50,http://www.footballdb.com/players/franco-harris-harrifr02,RB,1,13,1972,1984,12120,Raymont Harris,Harris,Raymont,"Harris, Raymont",Ohio State,12/23/70,http://www.footballdb.com/players/raymont-harris-harrira01,RB,4,114,1994,2000,2509,Abner Haynes,Haynes,Abner,"Haynes, Abner",North Texas,9/19/37,http://www.footballdb.com/players/abner-haynes-hayneab01,RB,5,55,1960,1967,4630,Garrison Hearst,Hearst,Garrison,"Hearst, Garrison",Georgia,1/4/71,http://www.footballdb.com/players/garrison-hearst-hearsga01,RB,1,3,1993,2004,7966,Travis Henry,Henry,Travis,"Henry, Travis",Tennessee,10/29/78,http://www.footballdb.com/players/travis-henry-henrytr01,RB,2,58,2001,2007,6086,John Henry Johnson,Henry Johnson,John,"Johnson, John Henry",Arizona State,11/24/29,http://www.footballdb.com/players/john-henry-johnson-johnsjo07,RB,2,18,1953,1966,6803,Craig Heyward,Heyward,Craig,"Heyward, Craig",Pittsburgh,9/26/66,http://www.footballdb.com/players/craig-heyward-heywacr01,RB,1,24,1988,1998,4301,Calvin Hill,Hill,Calvin,"Hill, Calvin",Yale,1/2/47,http://www.footballdb.com/players/calvin-hill-hillca01,RB,1,24,1969,1981,6083,Jeremy Hill,Hill,Jeremy,"Hill, Jeremy",Louisiana State,10/20/92,http://www.footballdb.com/players/jeremy-hill-hillje06,RB,2,55,2014,2015,1187,xDalton Hilliard,Hilliard,Dalton,"Hilliard, Dalton",Louisiana State,1/21/64,http://www.footballdb.com/players/dalton-hilliard-hillida01,RB,2,31,1986,1993,4164,Peyton Hillis,Hillis,Peyton,"Hillis, Peyton",Arkansas,1/21/86,http://www.footballdb.com/players/peyton-hillis-hillipe01,RB,7,227,2008,2015,2832,xPriest Holmes,Holmes,Priest,"Holmes, Priest",Texas,10/7/73,http://www.footballdb.com/players/priest-holmes-holmepr01,RB,,,1997,2007,8172,Marv Hubbard,Hubbard,Marv,"Hubbard, Marv",Colgate,5/7/46,http://www.footballdb.com/players/marv-hubbard-hubbama01,RB,11,277,1968,1977,4544,Bobby Humphrey,Humphrey,Bobby,"Humphrey, Bobby",Alabama,10/11/66,http://www.footballdb.com/players/bobby-humphrey-humphbo01,RB,Supplemental 1,,1989,1992,2857,Earnest Jackson,Jackson,Earnest,"Jackson, Earnest",Texas A&M,12/18/59,http://www.footballdb.com/players/earnest-jackson-jacksea01,RB,8,202,1983,1988,4167,Fred Jackson,Jackson,Fred,"Jackson, Fred",Coe College,2/20/81,http://www.footballdb.com/players/fred-jackson-jacksfr03,RB,,,2003,2015,5659,xSteven Jackson,Jackson,Steven,"Jackson, Steven",Oregon State,7/22/83,http://www.footballdb.com/players/steven-jackson-jacksst03,RB,1,24,2004,2015,11388,xBrandon Jacobs,Jacobs,Brandon,"Jacobs, Brandon",Southern Illinois,7/6/82,http://www.footballdb.com/players/brandon-jacobs-jacobbr01,RB,4,110,2005,2015,5094,xCraig James,James,Craig,"James, Craig",Southern Methodist,1/2/61,http://www.footballdb.com/players/craig-james-jamescr01,RB,7,187,1983,1988,2469,Edgerrin James,James,Edgerrin,"James, Edgerrin",Miami,8/1/78,http://www.footballdb.com/players/edgerrin-james-jamesed01,RB,1,4,1999,2009,12246,Anthony Johnson,Johnson,Anthony,"Johnson, Anthony",Notre Dame,10/25/67,http://www.footballdb.com/players/anthony-johnson-johnsan01,RB,2,36,1990,2000,2966,Chris Johnson,Johnson,Chris,"Johnson, Chris",East Carolina,9/23/85,http://www.footballdb.com/players/chris-johnson-johnsch19,RB,1,24,2008,2015,8665,xLarry Johnson,Johnson,Larry,"Johnson, Larry",Penn State,11/19/79,http://www.footballdb.com/players/larry-johnson-johnsla03,RB,1,27,2003,2011,6223,Pete Johnson,Johnson,Pete,"Johnson, Pete",Ohio State,3/2/54,http://www.footballdb.com/players/pete-johnson-johnspe02,RB,2,49,1977,1984,5626,Ron Johnson,Johnson,Ron,"Johnson, Ron",Michigan,10/17/47,http://www.footballdb.com/players/ron-johnson-johnsro07,RB,1,20,1969,1975,4308,Rudi Johnson,Johnson,Rudi,"Johnson, Rudi",Auburn,10/1/79,http://www.footballdb.com/players/rudi-johnson-johnsru01,RB,4,100,2001,2008,5979,Julius Jones,Jones,Julius,"Jones, Julius",Notre Dame,8/14/81,http://www.footballdb.com/players/julius-jones-jonesju03,RB,2,43,2004,2010,5068,Kevin Jones,Jones,Kevin,"Jones, Kevin",Virginia Tech,8/21/82,http://www.footballdb.com/players/kevin-jones-joneske05,RB,1,30,2004,2008,3176,Thomas Jones,Jones,Thomas,"Jones, Thomas",Virginia,8/19/78,http://www.footballdb.com/players/thomas-jones-jonesth01,RB,1,7,2000,2011,10591,Maurice Jones-Drew,Jones-Drew,Maurice,"Jones-Drew, Maurice",UCLA,3/23/85,http://www.footballdb.com/players/maurice-jonesdrew-drewma01,RB,2,60,2006,2015,8167,xLaMont Jordan,Jordan,LaMont,"Jordan, LaMont",Maryland,11/11/78,http://www.footballdb.com/players/lamont-jordan-jordala01,RB,2,49,2001,2009,3734,Napoleon Kaufman,Kaufman,Napoleon,"Kaufman, Napoleon",Washington,6/7/73,http://www.footballdb.com/players/napoleon-kaufman-kaufmna01,RB,1,18,1995,2000,4792,Leroy Kelly,Kelly,Leroy,"Kelly, Leroy",Morgan State,5/20/42,http://www.footballdb.com/players/leroy-kelly-kellyle02,RB,8,110,1964,1973,7274,Eddie Lacy,Lacy,Eddie,"Lacy, Eddie",Alabama,6/2/90,http://www.footballdb.com/players/eddie-lacy-lacyed01,RB,2,61,2013,2015,2402,xDorsey Levens,Levens,Dorsey,"Levens, Dorsey",Georgia Tech,5/21/70,http://www.footballdb.com/players/dorsey-levens-levendo01,RB,5,149,1994,2004,4955,Jamal Lewis,Lewis,Jamal,"Lewis, Jamal",Tennessee,8/29/79,http://www.footballdb.com/players/jamal-lewis-lewisja01,RB,1,5,2000,2009,10607,Floyd Little,Little,Floyd,"Little, Floyd",Syracuse,7/4/42,http://www.footballdb.com/players/floyd-little-littlfl01,RB,1,6,1967,1975,6323,Paul Lowe,Lowe,Paul,"Lowe, Paul",Oregon State,9/27/36,http://www.footballdb.com/players/paul-lowe-lowepa01,RB,,,1960,1969,4995,Marshawn Lynch,Lynch,Marshawn,"Lynch, Marshawn",California,4/22/86,http://www.footballdb.com/players/marshawn-lynch-lynchma01,RB,1,12,2007,2015,8768,xKevin Mack,Mack,Kevin,"Mack, Kevin",Clemson,8/9/62,http://www.footballdb.com/players/kevin-mack-mackke01,RB,1,11,1984,1993,5123,Curtis Martin,Martin,Curtis,"Martin, Curtis",Pittsburgh,5/1/73,http://www.footballdb.com/players/curtis-martin-marticu01,RB,3,74,1995,2005,14101,Doug Martin,Martin,Doug,"Martin, Doug",Boise State,1/13/89,http://www.footballdb.com/players/doug-martin-martido03,RB,1,31,2012,2015,2456,xRyan Mathews,Mathews,Ryan,"Mathews, Ryan",Fresno State,10/10/87,http://www.footballdb.com/players/ryan-mathews-mathery01,RB,1,12,2010,2015,4065,xRueben Mayes,Mayes,Rueben,"Mayes, Rueben",Washington State,6/6/63,http://www.footballdb.com/players/rueben-mayes-mayesru01,RB,3,57,1986,1993,3484,Deuce McAllister,McAllister,Deuce,"McAllister, Deuce",Mississippi,12/27/78,http://www.footballdb.com/players/deuce-mcallister-mcallde01,RB,1,23,2001,2008,6096,LeSean McCoy,McCoy,LeSean,"McCoy, LeSean",Pittsburgh,7/12/88,http://www.footballdb.com/players/lesean-mccoy-mccoyle02,RB,2,53,2009,2015,6833,xLawrence McCutcheon,McCutcheon,Lawrence,"McCutcheon, Lawrence",Colorado State,6/2/50,http://www.footballdb.com/players/lawrence-mccutcheon-mccutla01,RB,3,70,1972,1981,6578,Darren McFadden,McFadden,Darren,"McFadden, Darren",Arkansas,8/27/87,http://www.footballdb.com/players/darren-mcfadden-mcfadda01,RB,1,4,2008,2015,4263,xWillis McGahee,McGahee,Willis,"McGahee, Willis",Miami,10/20/81,http://www.footballdb.com/players/willis-mcgahee-mcgahwi01,RB,1,23,2003,2015,8474,xFreeman McNeil,McNeil,Freeman,"McNeil, Freeman",UCLA,4/22/59,http://www.footballdb.com/players/freeman-mcneil-mcneifr01,RB,1,3,1981,1992,8074,Natrone Means,Means,Natrone,"Means, Natrone",North Carolina,4/26/72,http://www.footballdb.com/players/natrone-means-meansna01,RB,2,41,1993,2000,5215,Rashard Mendenhall,Mendenhall,Rashard,"Mendenhall, Rashard",Illinois,6/19/87,http://www.footballdb.com/players/rashard-mendenhall-mendera01,RB,1,23,2008,2015,4236,xTerdell Middleton,Middleton,Terdell,"Middleton, Terdell",Memphis,4/8/55,http://www.footballdb.com/players/terdell-middleton-middlte01,RB,3,80,1977,1983,2048,Lamar Miller,Miller,Lamar,"Miller, Lamar",Miami,4/25/91,http://www.footballdb.com/players/lamar-miller-millela03,RB,4,97,2012,2015,2111,xTerry Miller,Miller,Terry,"Miller, Terry",Oklahoma State,5/31/05,http://www.footballdb.com/players/terry-miller-millete01,RB,1,5,1978,1981,1583,Lydell Mitchell,Mitchell,Lydell,"Mitchell, Lydell",Penn State,5/30/49,http://www.footballdb.com/players/lydell-mitchell-mitchly01,RB,2,48,1972,1980,6534,Stump Mitchell,Mitchell,Stump,"Mitchell, Stump",Citadel,3/15/59,http://www.footballdb.com/players/stump-mitchell-mitchst01,RB,9,226,1981,1989,4649,Wilbert Montgomery,Montgomery,Wilbert,"Montgomery, Wilbert",Abilene Christian,9/16/54,http://www.footballdb.com/players/wilbert-montgomery-montgwi01,RB,6,154,1977,1985,6789,Ronald Moore,Moore,Ronald,"Moore, Ronald",Pittsburg State,1/26/70,http://www.footballdb.com/players/ronald-moore-moorero02,RB,4,87,1993,1998,2210,Knowshon Moreno,Moreno,Knowshon,"Moreno, Knowshon",Georgia,7/16/87,http://www.footballdb.com/players/knowshon-moreno-morenkn01,RB,1,12,2009,2015,3616,xAlfred Morris,Morris,Alfred,"Morris, Alfred",Florida Atlantic,12/12/88,http://www.footballdb.com/players/alfred-morris-morrial02,RB,6,173,2012,2015,4083,xJoe Morris,Morris,Joe,"Morris, Joe",Syracuse,9/15/60,http://www.footballdb.com/players/joe-morris-morrijo01,RB,2,45,1982,1991,5585,Mercury Morris,Morris,Mercury,"Morris, Mercury",West Texas A&M,1/5/47,http://www.footballdb.com/players/mercury-morris-morrieu01,RB,3,63,1969,1976,4133,Chuck Muncie,Muncie,Chuck,"Muncie, Chuck",California,3/17/53,http://www.footballdb.com/players/chuck-muncie-muncich01,RB,1,3,1976,1984,6702,DeMarco Murray,Murray,DeMarco,"Murray, DeMarco",Oklahoma,2/12/88,http://www.footballdb.com/players/demarco-murray-murrade01,RB,3,71,2011,2015,4535,xAdrian Murrell,Murrell,Adrian,"Murrell, Adrian",West Virginia,10/16/70,http://www.footballdb.com/players/adrian-murrell-murread01,RB,5,120,1993,2003,5199,Jim Nance,Nance,Jim,"Nance, Jim",Syracuse,12/30/42,http://www.footballdb.com/players/jim-nance-nanceji01,RB,4,45,1965,1973,5401,Christian Okoye,Okoye,Christian,"Okoye, Christian",Azusa Pacific,8/16/61,http://www.footballdb.com/players/christian-okoye-okoyech01,RB,2,35,1987,1992,4897,Jim Otis,Otis,Jim,"Otis, Jim",Ohio State,4/29/48,http://www.footballdb.com/players/jim-otis-otisji01,RB,9,218,1970,1978,4350,Steve Owens,Owens,Steve,"Owens, Steve",Oklahoma,12/9/47,http://www.footballdb.com/players/steve-owens-owensst01,RB,1,19,1970,1974,2451,Willie Parker,Parker,Willie,"Parker, Willie",North Carolina,11/11/80,http://www.footballdb.com/players/willie-parker-parkewi02,RB,,,2004,2009,5378,Walter Payton,Payton,Walter,"Payton, Walter",Jackson State,7/25/54,http://www.footballdb.com/players/walter-payton-paytowa01,RB,1,4,1975,1987,16726,Erric Pegram,Pegram,Erric,"Pegram, Erric",North Texas,1/7/69,http://www.footballdb.com/players/erric-pegram-pegraer01,RB,6,145,1991,1997,3398,Joe Perry,Perry,Joe,"Perry, Joe",Compton CC (CA),1/27/27,http://www.footballdb.com/players/joe-perry-perryjo01,RB,,,1948,1963,8378,Adrian Peterson,Peterson,Adrian,"Peterson, Adrian",Oklahoma,3/21/85,http://www.footballdb.com/players/adrian-peterson-peterad02,RB,1,7,2009,2015,10221,xClinton Portis,Portis,Clinton,"Portis, Clinton",Miami,9/1/81,http://www.footballdb.com/players/clinton-portis-porticl01,RB,2,51,2002,2010,9923,Greg Pruitt,Pruitt,Greg,"Pruitt, Greg",Oklahoma,8/18/51,http://www.footballdb.com/players/greg-pruitt-pruitgr01,RB,2,30,1973,1984,5672,Mike Pruitt,Pruitt,Mike,"Pruitt, Mike",Purdue,4/3/54,http://www.footballdb.com/players/mike-pruitt-pruitmi02,RB,1,7,1976,1986,7378,Tony Reed,Reed,Tony,"Reed, Tony",Colorado,3/30/55,http://www.footballdb.com/players/tony-reed-reedto01,RB,2,37,1977,1981,2340,Errict Rhett,Rhett,Errict,"Rhett, Errict",Florida,12/11/70,http://www.footballdb.com/players/errict-rhett-rhetter01,RB,2,34,1994,2000,4143,Dominic Rhodes,Rhodes,Dominic,"Rhodes, Dominic",Midwestern State,1/17/79,http://www.footballdb.com/players/dominic-rhodes-rhodedo01,RB,,,2001,2010,3286,Ray Rice,Rice,Ray,"Rice, Ray",Rutgers,1/22/87,http://www.footballdb.com/players/ray-rice-ricera01,RB,2,55,2008,2015,6180,xStevan Ridley,Ridley,Stevan,"Ridley, Stevan",Louisiana State,1/27/89,http://www.footballdb.com/players/stevan-ridley-ridlest01,RB,3,73,2011,2015,2817,John Riggins,Riggins,John,"Riggins, John",Kansas,8/4/49,http://www.footballdb.com/players/john-riggins-riggijo01,RB,1,6,1971,1985,11352,Gerald Riggs,Riggs,Gerald,"Riggs, Gerald",Arizona State,11/6/60,http://www.footballdb.com/players/gerald-riggs-riggsge01,RB,1,9,1982,1991,8188,Paul Robinson,Robinson,Paul,"Robinson, Paul",Arizona,12/19/44,http://www.footballdb.com/players/paul-robinson-robinpa02,RB,3,82,1968,1973,2947,George Rogers,Rogers,George,"Rogers, George",South Carolina,12/8/58,http://www.footballdb.com/players/george-rogers-rogerge01,RB,1,1,1981,1987,7176,Mike Rozier,Rozier,Mike,"Rozier, Mike",Nebraska,3/1/61,http://www.footballdb.com/players/mike-rozier-roziemi01,RB,1,2,1984,1991,4462,Leonard Russell,Russell,Leonard,"Russell, Leonard",Arizona State,11/17/69,http://www.footballdb.com/players/leonard-russell-russele01,RB,1,14,1991,1996,3973,Rashaan Salaam,Salaam,Rashaan,"Salaam, Rashaan",Colorado,10/8/74,http://www.footballdb.com/players/rashaan-salaam-salaara01,RB,1,21,1995,1999,1684,Barry Sanders,Sanders,Barry,"Sanders, Barry",Oklahoma State,7/16/68,http://www.footballdb.com/players/barry-sanders-sandeba01,RB,1,3,1989,1998,15269,Gale Sayers,Sayers,Gale,"Sayers, Gale",Kansas,5/30/43,http://www.footballdb.com/players/gale-sayers-sayerga01,RB,1,4,1965,1971,4956,John Settle,Settle,John,"Settle, John",Appalachian State,6/2/65,http://www.footballdb.com/players/john-settle-settljo01,RB,,,1987,1990,1801,O.J. Simpson,Simpson,O.J.,"Simpson, O.J.",Southern California,7/9/47,http://www.footballdb.com/players/oj-simpson-simpsoj01,RB,1,1,1969,1979,11236,Billy Sims,Sims,Billy,"Sims, Billy",Oklahoma,9/18/55,http://www.footballdb.com/players/billy-sims-simsbi01,RB,1,1,1980,1984,5106,Steve Slaton,Slaton,Steve,"Slaton, Steve",West Virginia,1/4/86,http://www.footballdb.com/players/steve-slaton-slatost01,RB,3,89,2008,2011,1896,Antowain Smith,Smith,Antowain,"Smith, Antowain",Houston,3/14/72,http://www.footballdb.com/players/antowain-smith-smithan01,RB,1,23,1997,2005,6881,Emmitt Smith,Smith,Emmitt,"Smith, Emmitt",Florida,5/15/69,http://www.footballdb.com/players/emmitt-smith-smithem01,RB,1,17,1990,2004,18355,J.D. Smith,Smith,J.D.,"Smith, J.D.",North Carolina A&T,7/19/32,http://www.footballdb.com/players/jd-smith-smithjd01,RB,15,179,1955,1966,4672,Lamar Smith,Smith,Lamar,"Smith, Lamar",Houston,11/29/70,http://www.footballdb.com/players/lamar-smith-smithla01,RB,3,73,1994,2003,4853,Robert Smith,Smith,Robert,"Smith, Robert",Ohio State,3/4/72,http://www.footballdb.com/players/robert-smith-smithro01,RB,1,21,1993,2000,6818,C.J. Spiller,Spiller,C.J.,"Spiller, C.J.",Clemson,8/5/87,http://www.footballdb.com/players/cj-spiller-spillcj02,RB,1,9,2010,2015,3321,xDuce Staley,Staley,Duce,"Staley, Duce",South Carolina,2/27/75,http://www.footballdb.com/players/duce-staley-staledu01,RB,3,71,1997,2006,5785,John Stephens,Stephens,John,"Stephens, John",Northwestern State,2/23/66,http://www.footballdb.com/players/john-stephens-stephjo01,RB,1,17,1988,1993,3440,James Stewart,Stewart,James,"Stewart, James",Tennessee,12/27/71,http://www.footballdb.com/players/james-stewart-stewaja01,RB,1,19,1995,2003,5841,Jonathan Stewart,Stewart,Jonathan,"Stewart, Jonathan",Oregon,3/21/87,http://www.footballdb.com/players/jonathan-stewart-stewajo02,RB,1,13,2008,2015,4881,xChester Taylor,Taylor,Chester,"Taylor, Chester",Toledo,9/22/79,http://www.footballdb.com/players/chester-taylor-tayloch01,RB,6,207,2002,2011,4740,Fred Taylor,Taylor,Fred,"Taylor, Fred",Florida,1/27/76,http://www.footballdb.com/players/fred-taylor-taylofr01,RB,1,9,1998,2010,11695,Jim Taylor,Taylor,Jim,"Taylor, Jim",Louisiana State,9/20/35,http://www.footballdb.com/players/jim-taylor-tayloji02,RB,2,15,1958,1967,8597,Anthony Thomas,Thomas,Anthony,"Thomas, Anthony",Michigan,11/11/77,http://www.footballdb.com/players/anthony-thomas-thomaan01,RB,2,38,2001,2007,3891,Mike Thomas,Thomas,Mike,"Thomas, Mike",Nevada-Las Vegas,7/17/53,http://www.footballdb.com/players/mike-thomas-thomami01,RB,5,108,1975,1980,4196,Thurman Thomas,Thomas,Thurman,"Thomas, Thurman",Oklahoma State,5/16/66,http://www.footballdb.com/players/thurman-thomas-thomath01,RB,2,40,1988,2000,12074,Charley Tolar,Tolar,Charley,"Tolar, Charley",Northwestern State,9/5/37,http://www.footballdb.com/players/charley-tolar-tolarch01,RB,27,319,1959,1966,3277,LaDainian Tomlinson,Tomlinson,LaDainian,"Tomlinson, LaDainian",Texas Christian,6/23/79,http://www.footballdb.com/players/ladainian-tomlinson-tomlila01,RB,1,5,2001,2011,13684,Michael Turner,Turner,Michael,"Turner, Michael",Northern Illinois,2/13/82,http://www.footballdb.com/players/michael-turner-turnemi02,RB,5,154,2004,2012,7338,Wendell Tyler,Tyler,Wendell,"Tyler, Wendell",UCLA,5/20/55,http://www.footballdb.com/players/wendell-tyler-tylerwe01,RB,3,79,1977,1986,6378,Steve Van Buren,Van Buren,Steve,"Van Buren, Steve",Louisiana State,12/28/20,http://www.footballdb.com/players/steve-van-buren-vanbust01,RB,1,5,1944,1951,5860,Mark van Eeghen,van Eeghen,Mark,"van Eeghen, Mark",Colgate,4/19/52,http://www.footballdb.com/players/mark-van-eeghen-vaneema01,RB,3,75,1974,1983,6651,Michael Vick,Vick,Michael,"Vick, Michael",Virginia Tech,6/26/80,http://www.footballdb.com/players/michael-vick-vickmi01,QB,1,1,2001,2015,6010,xHerschel Walker,Walker,Herschel,"Walker, Herschel",Georgia,3/3/62,http://www.footballdb.com/players/herschel-walker-walkehe01,RB,5,114,1985,1997,8225,Derrick Ward,Ward,Derrick,"Ward, Derrick",Ottawa (KS),8/30/80,http://www.footballdb.com/players/derrick-ward-wardde02,RB,7,235,2004,2011,2628,Curt Warner,Warner,Curt,"Warner, Curt",Penn State,3/18/61,http://www.footballdb.com/players/curt-warner-warnecu01,RB,1,3,1983,1990,6844,Chris Warren,Warren,Chris,"Warren, Chris",Ferrum,1/24/67,http://www.footballdb.com/players/chris-warren-warrech01,RB,4,89,1990,2000,7696,Ricky Watters,Watters,Ricky,"Watters, Ricky",Notre Dame,4/7/69,http://www.footballdb.com/players/ricky-watters-watteri01,RB,2,45,1991,2001,10643,Chris Wells,Wells,Chris,"Wells, Chris",Ohio State,8/7/88,http://www.footballdb.com/players/chris-wells-wellsch01,RB,1,31,2009,2012,2471,Brian Westbrook,Westbrook,Brian,"Westbrook, Brian",Villanova,9/2/79,http://www.footballdb.com/players/brian-westbrook-westbbr02,RB,3,91,2002,2010,6335,Tyrone Wheatley,Wheatley,Tyrone,"Wheatley, Tyrone",Michigan,1/19/72,http://www.footballdb.com/players/tyrone-wheatley-wheatty01,RB,1,17,1995,2004,4962,Charles White,White,Charles,"White, Charles",Southern California,1/22/58,http://www.footballdb.com/players/charles-white-whitech02,RB,1,27,1980,1988,3075,LenDale White,White,LenDale,"White, LenDale",Southern California,12/20/84,http://www.footballdb.com/players/lendale-white-whitele03,RB,2,45,2006,2010,2349,Lorenzo White,White,Lorenzo,"White, Lorenzo",Michigan State,4/12/66,http://www.footballdb.com/players/lorenzo-white-whitelo01,RB,1,22,1988,1995,4242,James Wilder,Wilder,James,"Wilder, James",Missouri,5/12/58,http://www.footballdb.com/players/james-wilder-wildeja01,RB,2,34,1981,1990,6008,Carnell Williams,Williams,Carnell,"Williams, Carnell",Auburn,4/21/82,http://www.footballdb.com/players/carnell-williams-willica03,RB,1,5,2005,2011,4038,DeAngelo Williams,Williams,DeAngelo,"Williams, DeAngelo",Memphis,4/25/83,http://www.footballdb.com/players/deangelo-williams-willide07,RB,1,27,2006,2015,6973,xDelvin Williams,Williams,Delvin,"Williams, Delvin",Kansas,4/17/51,http://www.footballdb.com/players/delvin-williams-willide03,RB,2,49,1974,1981,5598,Domanick Williams,Williams,Domanick,"Williams, Domanick",Louisiana State,10/1/80,http://www.footballdb.com/players/domanick-williams-davisdo02,RB,4,101,2003,2005,3195,Harvey Williams,Williams,Harvey,"Williams, Harvey",Louisiana State,4/22/67,http://www.footballdb.com/players/harvey-williams-williha01,RB,1,21,1991,1998,3952,Ricky Williams,Williams,Ricky,"Williams, Ricky",Texas,5/21/77,http://www.footballdb.com/players/ricky-williams-williri01,RB,1,5,1999,2011,10009,Sammy Winder,Winder,Sammy,"Winder, Sammy",Southern Mississippi,7/15/59,http://www.footballdb.com/players/sammy-winder-windesa01,RB,5,131,1982,1990,5427,Don Woods,Woods,Don,"Woods, Don",New Mexico,2/17/51,http://www.footballdb.com/players/don-woods-woodsdo01,RB,6,134,1974,1980,3087,Ickey Woods,Woods,Ickey,"Woods, Ickey",Nevada-Las Vegas,2/28/66,http://www.footballdb.com/players/ickey-woods-woodsic01,RB,2,31,1988,1991,1525,Barry Word,Word,Barry,"Word, Barry",Virginia,7/17/64,http://www.footballdb.com/players/barry-word-wordba01,RB,3,62,1986,1994,2897,